Package,LibPath,Version,Priority,Built
abind,/Library/Frameworks/R.framework/Versions/3.4/Resources/library,1.4-5,NA,3.4.0
acepack,/Library/Frameworks/R.framework/Versions/3.4/Resources/library,1.4.1,NA,3.4.0
addinslist,/Library/Frameworks/R.framework/Versions/3.4/Resources/library,0.2,NA,3.4.0
ade4,/Library/Frameworks/R.framework/Versions/3.4/Resources/library,1.7-10,NA,3.4.3
AER,/Library/Frameworks/R.framework/Versions/3.4/Resources/library,1.2-5,NA,3.4.0
affxparser,/Library/Frameworks/R.framework/Versions/3.4/Resources/library,1.48.0,NA,3.4.0
affy,/Library/Frameworks/R.framework/Versions/3.4/Resources/library,1.54.0,NA,3.4.0
affyio,/Library/Frameworks/R.framework/Versions/3.4/Resources/library,1.46.0,NA,3.4.0
affyPLM,/Library/Frameworks/R.framework/Versions/3.4/Resources/library,1.52.1,NA,3.4.0
airway,/Library/Frameworks/R.framework/Versions/3.4/Resources/library,0.110.0,NA,3.4.2
amap,/Library/Frameworks/R.framework/Versions/3.4/Resources/library,0.8-14,NA,3.4.0
Amelia,/Library/Frameworks/R.framework/Versions/3.4/Resources/library,1.7.4,NA,3.4.0
animation,/Library/Frameworks/R.framework/Versions/3.4/Resources/library,2.5,NA,3.4.0
annotate,/Library/Frameworks/R.framework/Versions/3.4/Resources/library,1.54.0,NA,3.4.0
AnnotationDbi,/Library/Frameworks/R.framework/Versions/3.4/Resources/library,1.38.2,NA,3.4.1
AnnotationFilter,/Library/Frameworks/R.framework/Versions/3.4/Resources/library,1.0.0,NA,3.4.0
AnnotationHub,/Library/Frameworks/R.framework/Versions/3.4/Resources/library,2.8.3,NA,3.4.2
apcluster,/Library/Frameworks/R.framework/Versions/3.4/Resources/library,1.4.4,NA,3.4.2
ape,/Library/Frameworks/R.framework/Versions/3.4/Resources/library,5.0,NA,3.4.2
arm,/Library/Frameworks/R.framework/Versions/3.4/Resources/library,1.9-3,NA,3.4.0
aroma.light,/Library/Frameworks/R.framework/Versions/3.4/Resources/library,3.6.0,NA,3.4.0
arrayQualityMetrics,/Library/Frameworks/R.framework/Versions/3.4/Resources/library,3.32.0,NA,3.4.0
ash,/Library/Frameworks/R.framework/Versions/3.4/Resources/library,1.0-15,NA,3.4.0
assertthat,/Library/Frameworks/R.framework/Versions/3.4/Resources/library,0.2.0,NA,3.4.0
atus,/Library/Frameworks/R.framework/Versions/3.4/Resources/library,0.1,NA,3.4.1
babynames,/Library/Frameworks/R.framework/Versions/3.4/Resources/library,0.3.0,NA,3.4.0
backports,/Library/Frameworks/R.framework/Versions/3.4/Resources/library,1.1.2,NA,3.4.2
base,/Library/Frameworks/R.framework/Versions/3.4/Resources/library,3.4.2,base,3.4.2
base64,/Library/Frameworks/R.framework/Versions/3.4/Resources/library,2.0,NA,3.4.0
base64enc,/Library/Frameworks/R.framework/Versions/3.4/Resources/library,0.1-3,NA,3.4.0
baySeq,/Library/Frameworks/R.framework/Versions/3.4/Resources/library,2.10.0,NA,3.4.0
bbmle,/Library/Frameworks/R.framework/Versions/3.4/Resources/library,1.0.20,NA,3.4.2
beadarray,/Library/Frameworks/R.framework/Versions/3.4/Resources/library,2.26.1,NA,3.4.0
BeadDataPackR,/Library/Frameworks/R.framework/Versions/3.4/Resources/library,1.28.0,NA,3.4.0
beanplot,/Library/Frameworks/R.framework/Versions/3.4/Resources/library,1.2,NA,3.4.0
beeswarm,/Library/Frameworks/R.framework/Versions/3.4/Resources/library,0.2.3,NA,3.4.0
bestglm,/Library/Frameworks/R.framework/Versions/3.4/Resources/library,0.36,NA,3.4.0
betareg,/Library/Frameworks/R.framework/Versions/3.4/Resources/library,3.1-0,NA,3.4.0
BH,/Library/Frameworks/R.framework/Versions/3.4/Resources/library,1.65.0-1,NA,3.4.1
BiasedUrn,/Library/Frameworks/R.framework/Versions/3.4/Resources/library,1.07,NA,3.4.0
bibtex,/Library/Frameworks/R.framework/Versions/3.4/Resources/library,0.4.2,NA,3.4.1
bindr,/Library/Frameworks/R.framework/Versions/3.4/Resources/library,0.1,NA,3.4.0
bindrcpp,/Library/Frameworks/R.framework/Versions/3.4/Resources/library,0.2,NA,3.4.0
Biobase,/Library/Frameworks/R.framework/Versions/3.4/Resources/library,2.36.2,NA,3.4.0
BiocGenerics,/Library/Frameworks/R.framework/Versions/3.4/Resources/library,0.22.1,NA,3.4.1
BiocInstaller,/Library/Frameworks/R.framework/Versions/3.4/Resources/library,1.26.1,NA,3.4.1
BiocParallel,/Library/Frameworks/R.framework/Versions/3.4/Resources/library,1.10.1,NA,3.4.0
BiocStyle,/Library/Frameworks/R.framework/Versions/3.4/Resources/library,2.4.1,NA,3.4.1
biomaRt,/Library/Frameworks/R.framework/Versions/3.4/Resources/library,2.32.1,NA,3.4.0
biomformat,/Library/Frameworks/R.framework/Versions/3.4/Resources/library,1.4.0,NA,3.4.0
Biostrings,/Library/Frameworks/R.framework/Versions/3.4/Resources/library,2.44.2,NA,3.4.1
biovizBase,/Library/Frameworks/R.framework/Versions/3.4/Resources/library,1.24.0,NA,3.4.0
BiSeq,/Library/Frameworks/R.framework/Versions/3.4/Resources/library,1.16.0,NA,3.4.0
bit,/Library/Frameworks/R.framework/Versions/3.4/Resources/library,1.1-12,NA,3.4.0
bit64,/Library/Frameworks/R.framework/Versions/3.4/Resources/library,0.9-7,NA,3.4.0
bitops,/Library/Frameworks/R.framework/Versions/3.4/Resources/library,1.0-6,NA,3.4.0
blob,/Library/Frameworks/R.framework/Versions/3.4/Resources/library,1.1.0,NA,3.4.0
blockmodeling,/Library/Frameworks/R.framework/Versions/3.4/Resources/library,0.1.9,NA,3.4.1
blockrand,/Library/Frameworks/R.framework/Versions/3.4/Resources/library,1.3,NA,3.4.0
blogdown,/Library/Frameworks/R.framework/Versions/3.4/Resources/library,0.4,NA,3.4.3
bookdown,/Library/Frameworks/R.framework/Versions/3.4/Resources/library,0.5,NA,3.4.1
boot,/Library/Frameworks/R.framework/Versions/3.4/Resources/library,1.3-20,recommended,3.4.2
BPSC,/Library/Frameworks/R.framework/Versions/3.4/Resources/library,0.99.1,NA,3.4.2
brew,/Library/Frameworks/R.framework/Versions/3.4/Resources/library,1.0-6,NA,3.4.0
broman,/Library/Frameworks/R.framework/Versions/3.4/Resources/library,0.67-4,NA,3.4.3
broom,/Library/Frameworks/R.framework/Versions/3.4/Resources/library,0.4.3,NA,3.4.2
BSgenome,/Library/Frameworks/R.framework/Versions/3.4/Resources/library,1.44.2,NA,3.4.1
bsseq,/Library/Frameworks/R.framework/Versions/3.4/Resources/library,1.12.2,NA,3.4.1
bsseqData,/Library/Frameworks/R.framework/Versions/3.4/Resources/library,0.14.0,NA,3.4.2
bumphunter,/Library/Frameworks/R.framework/Versions/3.4/Resources/library,1.16.0,NA,3.4.0
Cairo,/Library/Frameworks/R.framework/Versions/3.4/Resources/library,1.5-9,NA,3.4.0
calibrate,/Library/Frameworks/R.framework/Versions/3.4/Resources/library,1.7.2,NA,3.4.0
callr,/Library/Frameworks/R.framework/Versions/3.4/Resources/library,1.0.0,NA,3.4.0
car,/Library/Frameworks/R.framework/Versions/3.4/Resources/library,2.1-6,NA,3.4.3
caret,/Library/Frameworks/R.framework/Versions/3.4/Resources/library,6.0-78,NA,3.4.3
caTools,/Library/Frameworks/R.framework/Versions/3.4/Resources/library,1.17.1,NA,3.4.0
cba,/Library/Frameworks/R.framework/Versions/3.4/Resources/library,0.2-19,NA,3.4.0
cellranger,/Library/Frameworks/R.framework/Versions/3.4/Resources/library,1.1.0,NA,3.4.0
checkmate,/Library/Frameworks/R.framework/Versions/3.4/Resources/library,1.8.5,NA,3.4.2
chron,/Library/Frameworks/R.framework/Versions/3.4/Resources/library,2.3-51,NA,3.4.2
class,/Library/Frameworks/R.framework/Versions/3.4/Resources/library,7.3-14,recommended,3.4.2
cli,/Library/Frameworks/R.framework/Versions/3.4/Resources/library,1.0.0,NA,3.4.2
clipr,/Library/Frameworks/R.framework/Versions/3.4/Resources/library,0.4.0,NA,3.4.2
clisymbols,/Library/Frameworks/R.framework/Versions/3.4/Resources/library,1.2.0,NA,3.4.0
cluster,/Library/Frameworks/R.framework/Versions/3.4/Resources/library,2.0.6,recommended,3.4.2
cmprsk,/Library/Frameworks/R.framework/Versions/3.4/Resources/library,2.2-7,NA,3.4.0
cobs,/Library/Frameworks/R.framework/Versions/3.4/Resources/library,1.3-3,NA,3.4.0
coda,/Library/Frameworks/R.framework/Versions/3.4/Resources/library,0.19-1,NA,3.4.0
codetools,/Library/Frameworks/R.framework/Versions/3.4/Resources/library,0.2-15,recommended,3.4.2
coin,/Library/Frameworks/R.framework/Versions/3.4/Resources/library,1.2-2,NA,3.4.3
colorspace,/Library/Frameworks/R.framework/Versions/3.4/Resources/library,1.3-2,NA,3.4.0
colourpicker,/Library/Frameworks/R.framework/Versions/3.4/Resources/library,1.0,NA,3.4.2
combinat,/Library/Frameworks/R.framework/Versions/3.4/Resources/library,0.0-8,NA,3.4.0
CombinePValue,/Library/Frameworks/R.framework/Versions/3.4/Resources/library,1.0,NA,3.4.0
commonmark,/Library/Frameworks/R.framework/Versions/3.4/Resources/library,1.4,NA,3.4.1
compiler,/Library/Frameworks/R.framework/Versions/3.4/Resources/library,3.4.2,base,3.4.2
CompQuadForm,/Library/Frameworks/R.framework/Versions/3.4/Resources/library,1.4.3,NA,3.4.0
config,/Library/Frameworks/R.framework/Versions/3.4/Resources/library,0.2,NA,3.4.0
corrplot,/Library/Frameworks/R.framework/Versions/3.4/Resources/library,0.84,NA,3.4.2
countrycode,/Library/Frameworks/R.framework/Versions/3.4/Resources/library,0.19,NA,3.4.0
cowplot,/Library/Frameworks/R.framework/Versions/3.4/Resources/library,0.9.2,NA,3.4.2
crayon,/Library/Frameworks/R.framework/Versions/3.4/Resources/library,1.3.4,NA,3.4.1
crosstalk,/Library/Frameworks/R.framework/Versions/3.4/Resources/library,1.0.0,NA,3.4.0
curl,/Library/Frameworks/R.framework/Versions/3.4/Resources/library,3.1,NA,3.4.3
cvAUC,/Library/Frameworks/R.framework/Versions/3.4/Resources/library,1.1.0,NA,3.4.0
CVST,/Library/Frameworks/R.framework/Versions/3.4/Resources/library,0.2-1,NA,3.4.0
cvTools,/Library/Frameworks/R.framework/Versions/3.4/Resources/library,0.3.2,NA,3.4.0
data.table,/Library/Frameworks/R.framework/Versions/3.4/Resources/library,1.10.4-3,NA,3.4.2
datasets,/Library/Frameworks/R.framework/Versions/3.4/Resources/library,3.4.2,base,3.4.2
DBI,/Library/Frameworks/R.framework/Versions/3.4/Resources/library,0.7,NA,3.4.0
dbplyr,/Library/Frameworks/R.framework/Versions/3.4/Resources/library,1.2.0,NA,3.4.3
ddalpha,/Library/Frameworks/R.framework/Versions/3.4/Resources/library,1.3.1,NA,3.4.2
DDRTree,/Library/Frameworks/R.framework/Versions/3.4/Resources/library,0.1.5,NA,3.4.0
debugme,/Library/Frameworks/R.framework/Versions/3.4/Resources/library,1.1.0,NA,3.4.2
DEDS,/Library/Frameworks/R.framework/Versions/3.4/Resources/library,1.50.0,NA,3.4.0
DelayedArray,/Library/Frameworks/R.framework/Versions/3.4/Resources/library,0.2.7,NA,3.4.0
dendextend,/Library/Frameworks/R.framework/Versions/3.4/Resources/library,1.6.0,NA,3.4.2
densityClust,/Library/Frameworks/R.framework/Versions/3.4/Resources/library,0.3,NA,3.4.2
DEoptimR,/Library/Frameworks/R.framework/Versions/3.4/Resources/library,1.0-8,NA,3.4.0
desc,/Library/Frameworks/R.framework/Versions/3.4/Resources/library,1.1.1,NA,3.4.1
DESeq,/Library/Frameworks/R.framework/Versions/3.4/Resources/library,1.28.0,NA,3.4.0
DESeq2,/Library/Frameworks/R.framework/Versions/3.4/Resources/library,1.16.1,NA,3.4.0
destiny,/Library/Frameworks/R.framework/Versions/3.4/Resources/library,2.4.5,NA,3.4.1
devtools,/Library/Frameworks/R.framework/Versions/3.4/Resources/library,1.13.4,NA,3.4.2
DiagrammeR,/Library/Frameworks/R.framework/Versions/3.4/Resources/library,0.9.2,NA,3.4.1
dichromat,/Library/Frameworks/R.framework/Versions/3.4/Resources/library,2.0-0,NA,3.4.0
digest,/Library/Frameworks/R.framework/Versions/3.4/Resources/library,0.6.14,NA,3.4.3
dimRed,/Library/Frameworks/R.framework/Versions/3.4/Resources/library,0.1.0,NA,3.4.0
diptest,/Library/Frameworks/R.framework/Versions/3.4/Resources/library,0.75-7,NA,3.4.0
discretization,/Library/Frameworks/R.framework/Versions/3.4/Resources/library,1.0-1,NA,3.4.0
distillery,/Library/Frameworks/R.framework/Versions/3.4/Resources/library,1.0-4,NA,3.4.1
docthis,/Library/Frameworks/R.framework/Versions/3.4/Resources/library,0.1.1,NA,3.4.2
doParallel,/Library/Frameworks/R.framework/Versions/3.4/Resources/library,1.0.11,NA,3.4.2
doRNG,/Library/Frameworks/R.framework/Versions/3.4/Resources/library,1.6.6,NA,3.4.0
dotCall64,/Library/Frameworks/R.framework/Versions/3.4/Resources/library,0.9-5,NA,3.4.3
downloader,/Library/Frameworks/R.framework/Versions/3.4/Resources/library,0.4,NA,3.4.0
dplyr,/Library/Frameworks/R.framework/Versions/3.4/Resources/library,0.7.4,NA,3.4.2
drc,/Library/Frameworks/R.framework/Versions/3.4/Resources/library,3.0-1,NA,3.4.0
DrImpute,/Library/Frameworks/R.framework/Versions/3.4/Resources/library,1.0,NA,3.4.1
DRR,/Library/Frameworks/R.framework/Versions/3.4/Resources/library,0.0.2,NA,3.4.0
DSIExplore,/Library/Frameworks/R.framework/Versions/3.4/Resources/library,0.1.0,NA,3.4.2
DSS,/Library/Frameworks/R.framework/Versions/3.4/Resources/library,2.16.0,NA,3.4.0
DT,/Library/Frameworks/R.framework/Versions/3.4/Resources/library,0.2,NA,3.4.0
dynamicTreeCut,/Library/Frameworks/R.framework/Versions/3.4/Resources/library,1.63-1,NA,3.4.0
e1071,/Library/Frameworks/R.framework/Versions/3.4/Resources/library,1.6-8,NA,3.4.0
earth,/Library/Frameworks/R.framework/Versions/3.4/Resources/library,4.6.0,NA,3.4.3
EBSeq,/Library/Frameworks/R.framework/Versions/3.4/Resources/library,1.16.0,NA,3.4.0
EDASeq,/Library/Frameworks/R.framework/Versions/3.4/Resources/library,2.10.0,NA,3.4.0
edgeR,/Library/Frameworks/R.framework/Versions/3.4/Resources/library,3.18.1,NA,3.4.0
ellipse,/Library/Frameworks/R.framework/Versions/3.4/Resources/library,0.3-8,NA,3.4.0
emrselect,/Library/Frameworks/R.framework/Versions/3.4/Resources/library,0.0.9000,NA,3.4.2
enc,/Library/Frameworks/R.framework/Versions/3.4/Resources/library,0.1,NA,3.4.2
EnsDb.Mmusculus.v79,/Library/Frameworks/R.framework/Versions/3.4/Resources/library,2.1.0,NA,3.4.2
ensembldb,/Library/Frameworks/R.framework/Versions/3.4/Resources/library,2.0.4,NA,3.4.1
epiR,/Library/Frameworks/R.framework/Versions/3.4/Resources/library,0.9-93,NA,3.4.3
estimability,/Library/Frameworks/R.framework/Versions/3.4/Resources/library,1.2,NA,3.4.0
evaluate,/Library/Frameworks/R.framework/Versions/3.4/Resources/library,0.10.1,NA,3.4.1
exactRankTests,/Library/Frameworks/R.framework/Versions/3.4/Resources/library,0.8-29,NA,3.4.0
explainr,/Library/Frameworks/R.framework/Versions/3.4/Resources/library,0.1,NA,3.4.2
extrafont,/Library/Frameworks/R.framework/Versions/3.4/Resources/library,0.17,NA,3.4.0
extrafontdb,/Library/Frameworks/R.framework/Versions/3.4/Resources/library,1.0,NA,3.4.0
extRemes,/Library/Frameworks/R.framework/Versions/3.4/Resources/library,2.0-8,NA,3.4.0
ezknitr,/Library/Frameworks/R.framework/Versions/3.4/Resources/library,0.6,NA,3.4.0
faraway,/Library/Frameworks/R.framework/Versions/3.4/Resources/library,1.0.7,NA,3.4.0
fastcluster,/Library/Frameworks/R.framework/Versions/3.4/Resources/library,1.1.24,NA,3.4.1
fastICA,/Library/Frameworks/R.framework/Versions/3.4/Resources/library,1.2-1,NA,3.4.0
FDb.InfiniumMethylation.hg19,/Library/Frameworks/R.framework/Versions/3.4/Resources/library,2.2.0,NA,3.4.2
fdrtool,/Library/Frameworks/R.framework/Versions/3.4/Resources/library,1.2.15,NA,3.4.0
ff,/Library/Frameworks/R.framework/Versions/3.4/Resources/library,2.2-13,NA,3.4.0
fields,/Library/Frameworks/R.framework/Versions/3.4/Resources/library,9.0,NA,3.4.0
fit.models,/Library/Frameworks/R.framework/Versions/3.4/Resources/library,0.5-14,NA,3.4.0
fivethirtyeight,/Library/Frameworks/R.framework/Versions/3.4/Resources/library,0.3.0,NA,3.4.1
flexdashboard,/Library/Frameworks/R.framework/Versions/3.4/Resources/library,0.5.1,NA,3.4.3
flexmix,/Library/Frameworks/R.framework/Versions/3.4/Resources/library,2.3-14,NA,3.4.0
FNN,/Library/Frameworks/R.framework/Versions/3.4/Resources/library,1.1,NA,3.4.0
fontBitstreamVera,/Library/Frameworks/R.framework/Versions/3.4/Resources/library,0.1.1,NA,3.4.0
fontLiberation,/Library/Frameworks/R.framework/Versions/3.4/Resources/library,0.1.0,NA,3.4.0
fontquiver,/Library/Frameworks/R.framework/Versions/3.4/Resources/library,0.2.1,NA,3.4.0
forcats,/Library/Frameworks/R.framework/Versions/3.4/Resources/library,0.2.0,NA,3.4.0
foreach,/Library/Frameworks/R.framework/Versions/3.4/Resources/library,1.4.4,NA,3.4.3
foreign,/Library/Frameworks/R.framework/Versions/3.4/Resources/library,0.8-69,recommended,3.4.2
formatR,/Library/Frameworks/R.framework/Versions/3.4/Resources/library,1.5,NA,3.4.0
formattable,/Library/Frameworks/R.framework/Versions/3.4/Resources/library,0.2.0.1,NA,3.4.0
Formula,/Library/Frameworks/R.framework/Versions/3.4/Resources/library,1.2-2,NA,3.4.1
fpc,/Library/Frameworks/R.framework/Versions/3.4/Resources/library,2.1-10,NA,3.4.0
fs,/Library/Frameworks/R.framework/Versions/3.4/Resources/library,1.1.0,NA,3.4.2
futile.logger,/Library/Frameworks/R.framework/Versions/3.4/Resources/library,1.4.3,NA,3.4.0
futile.options,/Library/Frameworks/R.framework/Versions/3.4/Resources/library,1.0.0,NA,3.4.0
gage,/Library/Frameworks/R.framework/Versions/3.4/Resources/library,2.26.3,NA,3.4.1
gageData,/Library/Frameworks/R.framework/Versions/3.4/Resources/library,2.14.0,NA,3.4.2
gam,/Library/Frameworks/R.framework/Versions/3.4/Resources/library,1.14-4,NA,3.4.0
gapminder,/Library/Frameworks/R.framework/Versions/3.4/Resources/library,0.3.0,NA,3.4.2
gclus,/Library/Frameworks/R.framework/Versions/3.4/Resources/library,1.3.1,NA,3.4.0
gcrma,/Library/Frameworks/R.framework/Versions/3.4/Resources/library,2.48.0,NA,3.4.0
gdata,/Library/Frameworks/R.framework/Versions/3.4/Resources/library,2.18.0,NA,3.4.0
gdtools,/Library/Frameworks/R.framework/Versions/3.4/Resources/library,0.1.6,NA,3.4.1
gee,/Library/Frameworks/R.framework/Versions/3.4/Resources/library,4.13-19,NA,3.4.0
geepack,/Library/Frameworks/R.framework/Versions/3.4/Resources/library,1.2-1,NA,3.4.0
genefilter,/Library/Frameworks/R.framework/Versions/3.4/Resources/library,1.58.1,NA,3.4.0
geneLenDataBase,/Library/Frameworks/R.framework/Versions/3.4/Resources/library,1.12.0,NA,3.4.2
geneplotter,/Library/Frameworks/R.framework/Versions/3.4/Resources/library,1.54.0,NA,3.4.0
GeneticsDesign,/Library/Frameworks/R.framework/Versions/3.4/Resources/library,1.44.0,NA,3.4.0
GenomeInfoDb,/Library/Frameworks/R.framework/Versions/3.4/Resources/library,1.12.3,NA,3.4.1
GenomeInfoDbData,/Library/Frameworks/R.framework/Versions/3.4/Resources/library,0.99.0,NA,3.4.2
GenomicAlignments,/Library/Frameworks/R.framework/Versions/3.4/Resources/library,1.12.2,NA,3.4.1
GenomicFeatures,/Library/Frameworks/R.framework/Versions/3.4/Resources/library,1.28.5,NA,3.4.1
GenomicRanges,/Library/Frameworks/R.framework/Versions/3.4/Resources/library,1.28.6,NA,3.4.1
genoset,/Library/Frameworks/R.framework/Versions/3.4/Resources/library,1.32.0,NA,3.4.0
GEOquery,/Library/Frameworks/R.framework/Versions/3.4/Resources/library,2.42.0,NA,3.4.0
GGally,/Library/Frameworks/R.framework/Versions/3.4/Resources/library,1.3.2,NA,3.4.1
ggbeeswarm,/Library/Frameworks/R.framework/Versions/3.4/Resources/library,0.6.0,NA,3.4.1
ggdendro,/Library/Frameworks/R.framework/Versions/3.4/Resources/library,0.1-20,NA,3.4.0
ggExtra,/Library/Frameworks/R.framework/Versions/3.4/Resources/library,0.7,NA,3.4.1
ggforce,/Library/Frameworks/R.framework/Versions/3.4/Resources/library,0.1.1,NA,3.4.0
ggformula,/Library/Frameworks/R.framework/Versions/3.4/Resources/library,0.6,NA,3.4.1
ggplot2,/Library/Frameworks/R.framework/Versions/3.4/Resources/library,2.2.1.9000,NA,3.4.2
ggplot2movies,/Library/Frameworks/R.framework/Versions/3.4/Resources/library,0.0.1,NA,3.4.0
ggpubr,/Library/Frameworks/R.framework/Versions/3.4/Resources/library,0.1.6,NA,3.4.2
ggraph,/Library/Frameworks/R.framework/Versions/3.4/Resources/library,1.0.1,NA,3.4.2
ggrepel,/Library/Frameworks/R.framework/Versions/3.4/Resources/library,0.7.0,NA,3.4.2
ggsci,/Library/Frameworks/R.framework/Versions/3.4/Resources/library,2.8,NA,3.4.2
ggsignif,/Library/Frameworks/R.framework/Versions/3.4/Resources/library,0.4.0,NA,3.4.1
ggThemeAssist,/Library/Frameworks/R.framework/Versions/3.4/Resources/library,0.1.5,NA,3.4.0
ggthemes,/Library/Frameworks/R.framework/Versions/3.4/Resources/library,3.4.0,NA,3.4.0
ggvis,/Library/Frameworks/R.framework/Versions/3.4/Resources/library,0.4.3,NA,3.4.0
gh,/Library/Frameworks/R.framework/Versions/3.4/Resources/library,1.0.1,NA,3.4.2
git2r,/Library/Frameworks/R.framework/Versions/3.4/Resources/library,0.19.0,NA,3.4.1
glmnet,/Library/Frameworks/R.framework/Versions/3.4/Resources/library,2.0-13,NA,3.4.2
glmpath,/Library/Frameworks/R.framework/Versions/3.4/Resources/library,0.97,NA,3.4.0
globaltest,/Library/Frameworks/R.framework/Versions/3.4/Resources/library,5.30.0,NA,3.4.0
glue,/Library/Frameworks/R.framework/Versions/3.4/Resources/library,1.2.0,NA,3.4.2
gmodels,/Library/Frameworks/R.framework/Versions/3.4/Resources/library,2.16.2,NA,3.4.0
GO.db,/Library/Frameworks/R.framework/Versions/3.4/Resources/library,3.4.1,NA,3.4.2
googledrive,/Library/Frameworks/R.framework/Versions/3.4/Resources/library,0.1.1,NA,3.4.1
googlesheets,/Library/Frameworks/R.framework/Versions/3.4/Resources/library,0.2.2,NA,3.4.0
googleVis,/Library/Frameworks/R.framework/Versions/3.4/Resources/library,0.6.2,NA,3.4.0
goseq,/Library/Frameworks/R.framework/Versions/3.4/Resources/library,1.28.0,NA,3.4.0
gower,/Library/Frameworks/R.framework/Versions/3.4/Resources/library,0.1.2,NA,3.4.0
gplots,/Library/Frameworks/R.framework/Versions/3.4/Resources/library,3.0.1,NA,3.4.0
graph,/Library/Frameworks/R.framework/Versions/3.4/Resources/library,1.54.0,NA,3.4.0
graphics,/Library/Frameworks/R.framework/Versions/3.4/Resources/library,3.4.2,base,3.4.2
grDevices,/Library/Frameworks/R.framework/Versions/3.4/Resources/library,3.4.2,base,3.4.2
grid,/Library/Frameworks/R.framework/Versions/3.4/Resources/library,3.4.2,base,3.4.2
gridBase,/Library/Frameworks/R.framework/Versions/3.4/Resources/library,0.4-7,NA,3.4.0
gridExtra,/Library/Frameworks/R.framework/Versions/3.4/Resources/library,2.3,NA,3.4.1
gridSVG,/Library/Frameworks/R.framework/Versions/3.4/Resources/library,1.6-0,NA,3.4.2
grpreg,/Library/Frameworks/R.framework/Versions/3.4/Resources/library,3.1-2,NA,3.4.1
GSEABase,/Library/Frameworks/R.framework/Versions/3.4/Resources/library,1.38.2,NA,3.4.1
gtable,/Library/Frameworks/R.framework/Versions/3.4/Resources/library,0.2.0,NA,3.4.0
gtools,/Library/Frameworks/R.framework/Versions/3.4/Resources/library,3.5.0,NA,3.4.0
gutenbergr,/Library/Frameworks/R.framework/Versions/3.4/Resources/library,0.1.3,NA,3.4.1
Gviz,/Library/Frameworks/R.framework/Versions/3.4/Resources/library,1.20.0,NA,3.4.0
gWidgets,/Library/Frameworks/R.framework/Versions/3.4/Resources/library,0.0-54,NA,3.4.0
haven,/Library/Frameworks/R.framework/Versions/3.4/Resources/library,1.1.0,NA,3.4.1
HDF5Array,/Library/Frameworks/R.framework/Versions/3.4/Resources/library,1.4.8,NA,3.4.0
hdrcde,/Library/Frameworks/R.framework/Versions/3.4/Resources/library,3.1,NA,3.4.0
heatmap3,/Library/Frameworks/R.framework/Versions/3.4/Resources/library,1.1.1,NA,3.4.0
heatmaply,/Library/Frameworks/R.framework/Versions/3.4/Resources/library,0.13.0,NA,3.4.2
here,/Library/Frameworks/R.framework/Versions/3.4/Resources/library,0.1,NA,3.4.0
hexbin,/Library/Frameworks/R.framework/Versions/3.4/Resources/library,1.27.1,NA,3.4.0
HGNChelper,/Library/Frameworks/R.framework/Versions/3.4/Resources/library,0.3.6,NA,3.4.1
hgu133plus2cdf,/Library/Frameworks/R.framework/Versions/3.4/Resources/library,2.18.0,NA,3.4.2
highcharter,/Library/Frameworks/R.framework/Versions/3.4/Resources/library,0.5.0,NA,3.4.0
highlight,/Library/Frameworks/R.framework/Versions/3.4/Resources/library,0.4.7.2,NA,3.4.2
highlite,/Library/Frameworks/R.framework/Versions/3.4/Resources/library,0.0.0.9000,NA,3.4.2
highr,/Library/Frameworks/R.framework/Versions/3.4/Resources/library,0.6,NA,3.4.0
Hmisc,/Library/Frameworks/R.framework/Versions/3.4/Resources/library,4.0-3,NA,3.4.0
hms,/Library/Frameworks/R.framework/Versions/3.4/Resources/library,0.4.0,NA,3.4.3
hoardr,/Library/Frameworks/R.framework/Versions/3.4/Resources/library,0.2.0,NA,3.4.0
hom.Mm.inp.db,/Library/Frameworks/R.framework/Versions/3.4/Resources/library,3.1.2,NA,3.4.2
hrbrthemes,/Library/Frameworks/R.framework/Versions/3.4/Resources/library,0.1.0,NA,3.4.0
HSMMSingleCell,/Library/Frameworks/R.framework/Versions/3.4/Resources/library,0.110.0,NA,3.4.2
htmlTable,/Library/Frameworks/R.framework/Versions/3.4/Resources/library,1.11.0,NA,3.4.3
htmltools,/Library/Frameworks/R.framework/Versions/3.4/Resources/library,0.3.6,NA,3.4.0
htmlwidgets,/Library/Frameworks/R.framework/Versions/3.4/Resources/library,0.9,NA,3.4.1
httpuv,/Library/Frameworks/R.framework/Versions/3.4/Resources/library,1.3.5,NA,3.4.1
httr,/Library/Frameworks/R.framework/Versions/3.4/Resources/library,1.3.1,NA,3.4.1
hunspell,/Library/Frameworks/R.framework/Versions/3.4/Resources/library,2.9,NA,3.4.3
hwriter,/Library/Frameworks/R.framework/Versions/3.4/Resources/library,1.3.2,NA,3.4.0
ICC,/Library/Frameworks/R.framework/Versions/3.4/Resources/library,2.3.0,NA,3.4.0
igraph,/Library/Frameworks/R.framework/Versions/3.4/Resources/library,1.1.2,NA,3.4.1
IHW,/Library/Frameworks/R.framework/Versions/3.4/Resources/library,1.4.0,NA,3.4.0
illuminaio,/Library/Frameworks/R.framework/Versions/3.4/Resources/library,0.18.0,NA,3.4.0
impute,/Library/Frameworks/R.framework/Versions/3.4/Resources/library,1.50.1,NA,3.4.0
infer,/Library/Frameworks/R.framework/Versions/3.4/Resources/library,0.0.1,NA,3.4.2
influenceR,/Library/Frameworks/R.framework/Versions/3.4/Resources/library,0.1.0,NA,3.4.0
ini,/Library/Frameworks/R.framework/Versions/3.4/Resources/library,0.3.0,NA,3.4.2
interactiveDisplayBase,/Library/Frameworks/R.framework/Versions/3.4/Resources/library,1.14.0,NA,3.4.0
ipred,/Library/Frameworks/R.framework/Versions/3.4/Resources/library,0.9-6,NA,3.4.0
IRanges,/Library/Frameworks/R.framework/Versions/3.4/Resources/library,2.10.5,NA,3.4.1
irlba,/Library/Frameworks/R.framework/Versions/3.4/Resources/library,2.3.1,NA,3.4.2
irr,/Library/Frameworks/R.framework/Versions/3.4/Resources/library,0.84,NA,3.4.0
iterators,/Library/Frameworks/R.framework/Versions/3.4/Resources/library,1.0.9,NA,3.4.3
janeaustenr,/Library/Frameworks/R.framework/Versions/3.4/Resources/library,0.1.5,NA,3.4.0
janitor,/Library/Frameworks/R.framework/Versions/3.4/Resources/library,0.4.0.9000,NA,3.4.2
jsonlite,/Library/Frameworks/R.framework/Versions/3.4/Resources/library,1.5,NA,3.4.0
kableExtra,/Library/Frameworks/R.framework/Versions/3.4/Resources/library,0.6.1,NA,3.4.2
KEGGREST,/Library/Frameworks/R.framework/Versions/3.4/Resources/library,1.16.1,NA,3.4.1
kernlab,/Library/Frameworks/R.framework/Versions/3.4/Resources/library,0.9-25,NA,3.4.0
KernSmooth,/Library/Frameworks/R.framework/Versions/3.4/Resources/library,2.23-15,recommended,3.4.2
klaR,/Library/Frameworks/R.framework/Versions/3.4/Resources/library,0.6-12,NA,3.4.0
km.ci,/Library/Frameworks/R.framework/Versions/3.4/Resources/library,0.5-2,NA,3.4.0
KMsurv,/Library/Frameworks/R.framework/Versions/3.4/Resources/library,0.1-5,NA,3.4.0
knitcitations,/Library/Frameworks/R.framework/Versions/3.4/Resources/library,1.0.8,NA,3.4.1
knitr,/Library/Frameworks/R.framework/Versions/3.4/Resources/library,1.17,NA,3.4.1
ks,/Library/Frameworks/R.framework/Versions/3.4/Resources/library,1.10.7,NA,3.4.1
labeling,/Library/Frameworks/R.framework/Versions/3.4/Resources/library,0.3,NA,3.4.0
laeken,/Library/Frameworks/R.framework/Versions/3.4/Resources/library,0.4.6,NA,3.4.0
Lahman,/Library/Frameworks/R.framework/Versions/3.4/Resources/library,6.0-0,NA,3.4.1
lambda.r,/Library/Frameworks/R.framework/Versions/3.4/Resources/library,1.2,NA,3.4.1
lars,/Library/Frameworks/R.framework/Versions/3.4/Resources/library,1.2,NA,3.4.0
lasso2,/Library/Frameworks/R.framework/Versions/3.4/Resources/library,1.2-19,NA,3.4.0
lattice,/Library/Frameworks/R.framework/Versions/3.4/Resources/library,0.20-35,recommended,3.4.2
latticeExtra,/Library/Frameworks/R.framework/Versions/3.4/Resources/library,0.6-28,NA,3.4.0
lava,/Library/Frameworks/R.framework/Versions/3.4/Resources/library,1.5.1,NA,3.4.2
lazyeval,/Library/Frameworks/R.framework/Versions/3.4/Resources/library,0.2.1,NA,3.4.2
leaps,/Library/Frameworks/R.framework/Versions/3.4/Resources/library,3.0,NA,3.4.0
learnr,/Library/Frameworks/R.framework/Versions/3.4/Resources/library,0.9.1,NA,3.4.2
LiblineaR,/Library/Frameworks/R.framework/Versions/3.4/Resources/library,2.10-8,NA,3.4.0
limma,/Library/Frameworks/R.framework/Versions/3.4/Resources/library,3.32.10,NA,3.4.2
limSolve,/Library/Frameworks/R.framework/Versions/3.4/Resources/library,1.5.5.3,NA,3.4.1
Linnorm,/Library/Frameworks/R.framework/Versions/3.4/Resources/library,2.0.8,NA,3.4.1
lme4,/Library/Frameworks/R.framework/Versions/3.4/Resources/library,1.1-14,NA,3.4.2
lmerTest,/Library/Frameworks/R.framework/Versions/3.4/Resources/library,2.0-36,NA,3.4.3
Lmoments,/Library/Frameworks/R.framework/Versions/3.4/Resources/library,1.2-3,NA,3.4.0
lmtest,/Library/Frameworks/R.framework/Versions/3.4/Resources/library,0.9-35,NA,3.4.0
locfit,/Library/Frameworks/R.framework/Versions/3.4/Resources/library,1.5-9.1,NA,3.4.0
lokern,/Library/Frameworks/R.framework/Versions/3.4/Resources/library,1.1-8,NA,3.4.0
lookup,/Library/Frameworks/R.framework/Versions/3.4/Resources/library,0.0.0.9000,NA,3.4.2
lpSolve,/Library/Frameworks/R.framework/Versions/3.4/Resources/library,5.6.13,NA,3.4.0
lpsymphony,/Library/Frameworks/R.framework/Versions/3.4/Resources/library,1.4.1,NA,3.4.0
lsmeans,/Library/Frameworks/R.framework/Versions/3.4/Resources/library,2.27-61,NA,3.4.2
lubridate,/Library/Frameworks/R.framework/Versions/3.4/Resources/library,1.7.1,NA,3.4.2
lumi,/Library/Frameworks/R.framework/Versions/3.4/Resources/library,2.28.0,NA,3.4.0
magrittr,/Library/Frameworks/R.framework/Versions/3.4/Resources/library,1.5,NA,3.4.0
mapdata,/Library/Frameworks/R.framework/Versions/3.4/Resources/library,2.2-6,NA,3.4.0
mapproj,/Library/Frameworks/R.framework/Versions/3.4/Resources/library,1.2-5,NA,3.4.0
maps,/Library/Frameworks/R.framework/Versions/3.4/Resources/library,3.2.0,NA,3.4.0
markdown,/Library/Frameworks/R.framework/Versions/3.4/Resources/library,0.8,NA,3.4.0
MASS,/Library/Frameworks/R.framework/Versions/3.4/Resources/library,7.3-47,recommended,3.4.2
MAST,/Library/Frameworks/R.framework/Versions/3.4/Resources/library,1.2.1,NA,3.4.0
Matching,/Library/Frameworks/R.framework/Versions/3.4/Resources/library,4.9-2,NA,3.4.0
MatchIt,/Library/Frameworks/R.framework/Versions/3.4/Resources/library,3.0.1,NA,3.4.0
matlab,/Library/Frameworks/R.framework/Versions/3.4/Resources/library,1.0.2,NA,3.4.0
Matrix,/Library/Frameworks/R.framework/Versions/3.4/Resources/library,1.2-12,recommended,3.4.2
MatrixModels,/Library/Frameworks/R.framework/Versions/3.4/Resources/library,0.4-1,NA,3.4.0
matrixStats,/Library/Frameworks/R.framework/Versions/3.4/Resources/library,0.52.2,NA,3.4.0
maxLik,/Library/Frameworks/R.framework/Versions/3.4/Resources/library,1.3-4,NA,3.4.0
maxstat,/Library/Frameworks/R.framework/Versions/3.4/Resources/library,0.7-25,NA,3.4.0
mclust,/Library/Frameworks/R.framework/Versions/3.4/Resources/library,5.4,NA,3.4.3
mcmc,/Library/Frameworks/R.framework/Versions/3.4/Resources/library,0.9-5,NA,3.4.0
MCMCpack,/Library/Frameworks/R.framework/Versions/3.4/Resources/library,1.4-1,NA,3.4.3
mdsr,/Library/Frameworks/R.framework/Versions/3.4/Resources/library,0.1.4,NA,3.4.1
memisc,/Library/Frameworks/R.framework/Versions/3.4/Resources/library,0.99.14.7,NA,3.4.3
memoise,/Library/Frameworks/R.framework/Versions/3.4/Resources/library,1.1.0,NA,3.4.2
MetabolAnalyze,/Library/Frameworks/R.framework/Versions/3.4/Resources/library,1.3,NA,3.4.0
MetaSKAT,/Library/Frameworks/R.framework/Versions/3.4/Resources/library,0.60,NA,3.4.0
methods,/Library/Frameworks/R.framework/Versions/3.4/Resources/library,3.4.2,base,3.4.2
methyAnalysis,/Library/Frameworks/R.framework/Versions/3.4/Resources/library,1.18.0,NA,3.4.0
methylumi,/Library/Frameworks/R.framework/Versions/3.4/Resources/library,2.22.0,NA,3.4.0
mgcv,/Library/Frameworks/R.framework/Versions/3.4/Resources/library,1.8-22,recommended,3.4.2
microRNA,/Library/Frameworks/R.framework/Versions/3.4/Resources/library,1.34.0,NA,3.4.0
mime,/Library/Frameworks/R.framework/Versions/3.4/Resources/library,0.5,NA,3.4.0
minfi,/Library/Frameworks/R.framework/Versions/3.4/Resources/library,1.22.1,NA,3.4.0
miniUI,/Library/Frameworks/R.framework/Versions/3.4/Resources/library,0.1.1,NA,3.4.0
minpack.lm,/Library/Frameworks/R.framework/Versions/3.4/Resources/library,1.2-1,NA,3.4.0
minqa,/Library/Frameworks/R.framework/Versions/3.4/Resources/library,1.2.4,NA,3.4.0
misc3d,/Library/Frameworks/R.framework/Versions/3.4/Resources/library,0.8-4,NA,3.4.0
miscTools,/Library/Frameworks/R.framework/Versions/3.4/Resources/library,0.6-22,NA,3.4.0
MiST,/Library/Frameworks/R.framework/Versions/3.4/Resources/library,1.0,NA,3.4.0
MixAll,/Library/Frameworks/R.framework/Versions/3.4/Resources/library,1.2.0,NA,3.4.0
mlbench,/Library/Frameworks/R.framework/Versions/3.4/Resources/library,2.1-1,NA,3.4.0
mnormt,/Library/Frameworks/R.framework/Versions/3.4/Resources/library,1.5-5,NA,3.4.0
ModelMetrics,/Library/Frameworks/R.framework/Versions/3.4/Resources/library,1.1.0,NA,3.4.0
modelr,/Library/Frameworks/R.framework/Versions/3.4/Resources/library,0.1.1,NA,3.4.1
modeltools,/Library/Frameworks/R.framework/Versions/3.4/Resources/library,0.2-21,NA,3.4.0
moments,/Library/Frameworks/R.framework/Versions/3.4/Resources/library,0.14,NA,3.4.0
monocle,/Library/Frameworks/R.framework/Versions/3.4/Resources/library,2.4.0,NA,3.4.0
mosaic,/Library/Frameworks/R.framework/Versions/3.4/Resources/library,1.1.1,NA,3.4.3
mosaicCore,/Library/Frameworks/R.framework/Versions/3.4/Resources/library,0.4.2,NA,3.4.3
mosaicData,/Library/Frameworks/R.framework/Versions/3.4/Resources/library,0.14.0,NA,3.4.0
mouse430a2.db,/Library/Frameworks/R.framework/Versions/3.4/Resources/library,3.2.3,NA,3.4.2
mouse430a2cdf,/Library/Frameworks/R.framework/Versions/3.4/Resources/library,2.18.0,NA,3.4.2
msir,/Library/Frameworks/R.framework/Versions/3.4/Resources/library,1.3.1,NA,3.4.0
multcomp,/Library/Frameworks/R.framework/Versions/3.4/Resources/library,1.4-8,NA,3.4.2
multicool,/Library/Frameworks/R.framework/Versions/3.4/Resources/library,0.1-10,NA,3.4.0
multtest,/Library/Frameworks/R.framework/Versions/3.4/Resources/library,2.32.0,NA,3.4.0
munsell,/Library/Frameworks/R.framework/Versions/3.4/Resources/library,0.4.3,NA,3.4.0
mvoutlier,/Library/Frameworks/R.framework/Versions/3.4/Resources/library,2.0.8,NA,3.4.0
mvtnorm,/Library/Frameworks/R.framework/Versions/3.4/Resources/library,1.0-6,NA,3.4.0
naniar,/Library/Frameworks/R.framework/Versions/3.4/Resources/library,0.1.0,NA,3.4.1
ncdf4,/Library/Frameworks/R.framework/Versions/3.4/Resources/library,1.16,NA,3.4.0
networkD3,/Library/Frameworks/R.framework/Versions/3.4/Resources/library,0.4,NA,3.4.0
NHANES,/Library/Frameworks/R.framework/Versions/3.4/Resources/library,2.1.0,NA,3.4.0
nleqslv,/Library/Frameworks/R.framework/Versions/3.4/Resources/library,3.3.1,NA,3.4.1
nlme,/Library/Frameworks/R.framework/Versions/3.4/Resources/library,3.1-131,recommended,3.4.2
nloptr,/Library/Frameworks/R.framework/Versions/3.4/Resources/library,1.0.4,NA,3.4.0
NMF,/Library/Frameworks/R.framework/Versions/3.4/Resources/library,0.20.6,NA,3.4.0
nnet,/Library/Frameworks/R.framework/Versions/3.4/Resources/library,7.3-12,recommended,3.4.2
nnls,/Library/Frameworks/R.framework/Versions/3.4/Resources/library,1.4,NA,3.4.0
NOISeq,/Library/Frameworks/R.framework/Versions/3.4/Resources/library,2.20.0,NA,3.4.0
nor1mix,/Library/Frameworks/R.framework/Versions/3.4/Resources/library,1.2-3,NA,3.4.1
nortest,/Library/Frameworks/R.framework/Versions/3.4/Resources/library,1.0-4,NA,3.4.0
numDeriv,/Library/Frameworks/R.framework/Versions/3.4/Resources/library,2016.8-1,NA,3.4.0
nycflights13,/Library/Frameworks/R.framework/Versions/3.4/Resources/library,0.2.2,NA,3.4.0
officer,/Library/Frameworks/R.framework/Versions/3.4/Resources/library,0.2.0,NA,3.4.3
okcupiddata,/Library/Frameworks/R.framework/Versions/3.4/Resources/library,0.1.0,NA,3.4.0
oligo,/Library/Frameworks/R.framework/Versions/3.4/Resources/library,1.40.2,NA,3.4.1
oligoClasses,/Library/Frameworks/R.framework/Versions/3.4/Resources/library,1.38.0,NA,3.4.0
oneKP,/Library/Frameworks/R.framework/Versions/3.4/Resources/library,0.1.0,NA,3.4.2
openair,/Library/Frameworks/R.framework/Versions/3.4/Resources/library,2.1-5,NA,3.4.1
openssl,/Library/Frameworks/R.framework/Versions/3.4/Resources/library,0.9.9,NA,3.4.2
org.Hs.eg.db,/Library/Frameworks/R.framework/Versions/3.4/Resources/library,3.4.1,NA,3.4.2
org.Mm.eg.db,/Library/Frameworks/R.framework/Versions/3.4/Resources/library,3.4.1,NA,3.4.2
outliers,/Library/Frameworks/R.framework/Versions/3.4/Resources/library,0.14,NA,3.4.0
packrat,/Library/Frameworks/R.framework/Versions/3.4/Resources/library,0.4.8-1,NA,3.4.0
pacman,/Library/Frameworks/R.framework/Versions/3.4/Resources/library,0.4.6,NA,3.4.0
pander,/Library/Frameworks/R.framework/Versions/3.4/Resources/library,0.6.1,NA,3.4.1
parallel,/Library/Frameworks/R.framework/Versions/3.4/Resources/library,3.4.2,base,3.4.2
pbkrtest,/Library/Frameworks/R.framework/Versions/3.4/Resources/library,0.4-7,NA,3.4.0
pcaMethods,/Library/Frameworks/R.framework/Versions/3.4/Resources/library,1.68.0,NA,3.4.0
pcaPP,/Library/Frameworks/R.framework/Versions/3.4/Resources/library,1.9-72,NA,3.4.1
pcvsuite,/Library/Frameworks/R.framework/Versions/3.4/Resources/library,1.0,NA,3.4.2
pd.hta.2.0,/Library/Frameworks/R.framework/Versions/3.4/Resources/library,3.12.2,NA,3.4.2
pd.mogene.2.0.st,/Library/Frameworks/R.framework/Versions/3.4/Resources/library,3.14.1,NA,3.4.2
pd.mta.1.0,/Library/Frameworks/R.framework/Versions/3.4/Resources/library,3.12.0,NA,3.4.2
pd.rabgene.1.0.st,/Library/Frameworks/R.framework/Versions/3.4/Resources/library,3.12.0,NA,3.4.2
penalized,/Library/Frameworks/R.framework/Versions/3.4/Resources/library,0.9-50,NA,3.4.0
permute,/Library/Frameworks/R.framework/Versions/3.4/Resources/library,0.9-4,NA,3.4.0
pheatmap,/Library/Frameworks/R.framework/Versions/3.4/Resources/library,1.0.8,NA,3.4.0
phyloseq,/Library/Frameworks/R.framework/Versions/3.4/Resources/library,1.20.0,NA,3.4.0
pillar,/Library/Frameworks/R.framework/Versions/3.4/Resources/library,1.1.0,NA,3.4.3
pkgconfig,/Library/Frameworks/R.framework/Versions/3.4/Resources/library,2.0.1,NA,3.4.0
pkgmaker,/Library/Frameworks/R.framework/Versions/3.4/Resources/library,0.22,NA,3.4.0
PKI,/Library/Frameworks/R.framework/Versions/3.4/Resources/library,0.1-5.1,NA,3.4.1
plogr,/Library/Frameworks/R.framework/Versions/3.4/Resources/library,0.1-1,NA,3.4.0
plotly,/Library/Frameworks/R.framework/Versions/3.4/Resources/library,4.7.1,NA,3.4.1
plotmo,/Library/Frameworks/R.framework/Versions/3.4/Resources/library,3.3.4,NA,3.4.1
plotrix,/Library/Frameworks/R.framework/Versions/3.4/Resources/library,3.7,NA,3.4.3
pls,/Library/Frameworks/R.framework/Versions/3.4/Resources/library,2.6-0,NA,3.4.0
plyr,/Library/Frameworks/R.framework/Versions/3.4/Resources/library,1.8.4,NA,3.4.0
png,/Library/Frameworks/R.framework/Versions/3.4/Resources/library,0.1-7,NA,3.4.0
polspline,/Library/Frameworks/R.framework/Versions/3.4/Resources/library,1.1.12,NA,3.4.0
powerGWASinteraction,/Library/Frameworks/R.framework/Versions/3.4/Resources/library,1.1.3,NA,3.4.0
powerSurvEpi,/Library/Frameworks/R.framework/Versions/3.4/Resources/library,0.0.9,NA,3.4.0
ppcor,/Library/Frameworks/R.framework/Versions/3.4/Resources/library,1.1,NA,3.4.0
prabclus,/Library/Frameworks/R.framework/Versions/3.4/Resources/library,2.2-6,NA,3.4.0
pracma,/Library/Frameworks/R.framework/Versions/3.4/Resources/library,2.1.1,NA,3.4.3
praise,/Library/Frameworks/R.framework/Versions/3.4/Resources/library,1.0.0,NA,3.4.0
preprocessCore,/Library/Frameworks/R.framework/Versions/3.4/Resources/library,1.38.1,NA,3.4.0
prettydoc,/Library/Frameworks/R.framework/Versions/3.4/Resources/library,0.2.0,NA,3.4.0
prettyunits,/Library/Frameworks/R.framework/Versions/3.4/Resources/library,1.0.2,NA,3.4.0
printr,/Library/Frameworks/R.framework/Versions/3.4/Resources/library,0.1,NA,3.4.0
pROC,/Library/Frameworks/R.framework/Versions/3.4/Resources/library,1.10.0,NA,3.4.0
processx,/Library/Frameworks/R.framework/Versions/3.4/Resources/library,2.0.0.1,NA,3.4.1
prodlim,/Library/Frameworks/R.framework/Versions/3.4/Resources/library,1.6.1,NA,3.4.0
profvis,/Library/Frameworks/R.framework/Versions/3.4/Resources/library,0.3.4,NA,3.4.3
progress,/Library/Frameworks/R.framework/Versions/3.4/Resources/library,1.1.2,NA,3.4.0
ProtGenerics,/Library/Frameworks/R.framework/Versions/3.4/Resources/library,1.8.0,NA,3.4.0
proto,/Library/Frameworks/R.framework/Versions/3.4/Resources/library,1.0.0,NA,3.4.0
proxy,/Library/Frameworks/R.framework/Versions/3.4/Resources/library,0.4-20,NA,3.4.3
pryr,/Library/Frameworks/R.framework/Versions/3.4/Resources/library,0.1.3,NA,3.4.2
pscl,/Library/Frameworks/R.framework/Versions/3.4/Resources/library,1.5.2,NA,3.4.2
psych,/Library/Frameworks/R.framework/Versions/3.4/Resources/library,1.7.8,NA,3.4.2
purrr,/Library/Frameworks/R.framework/Versions/3.4/Resources/library,0.2.4,NA,3.4.2
purrrlyr,/Library/Frameworks/R.framework/Versions/3.4/Resources/library,0.0.2,NA,3.4.0
pwr,/Library/Frameworks/R.framework/Versions/3.4/Resources/library,1.2-1,NA,3.4.0
qap,/Library/Frameworks/R.framework/Versions/3.4/Resources/library,0.1-1,NA,3.4.0
qlcMatrix,/Library/Frameworks/R.framework/Versions/3.4/Resources/library,0.9.5,NA,3.4.0
qqman,/Library/Frameworks/R.framework/Versions/3.4/Resources/library,0.1.4,NA,3.4.0
quadprog,/Library/Frameworks/R.framework/Versions/3.4/Resources/library,1.5-5,NA,3.4.0
quantmod,/Library/Frameworks/R.framework/Versions/3.4/Resources/library,0.4-12,NA,3.4.3
quantreg,/Library/Frameworks/R.framework/Versions/3.4/Resources/library,5.34,NA,3.4.2
qvalue,/Library/Frameworks/R.framework/Versions/3.4/Resources/library,2.8.0,NA,3.4.0
R.cache,/Library/Frameworks/R.framework/Versions/3.4/Resources/library,0.12.0,NA,3.4.0
R.methodsS3,/Library/Frameworks/R.framework/Versions/3.4/Resources/library,1.7.1,NA,3.4.0
R.oo,/Library/Frameworks/R.framework/Versions/3.4/Resources/library,1.21.0,NA,3.4.0
R.utils,/Library/Frameworks/R.framework/Versions/3.4/Resources/library,2.6.0,NA,3.4.2
R2HTML,/Library/Frameworks/R.framework/Versions/3.4/Resources/library,2.3.2,NA,3.4.0
R6,/Library/Frameworks/R.framework/Versions/3.4/Resources/library,2.2.2,NA,3.4.0
rafalib,/Library/Frameworks/R.framework/Versions/3.4/Resources/library,1.0.0,NA,3.4.0
randomForest,/Library/Frameworks/R.framework/Versions/3.4/Resources/library,4.6-12,NA,3.4.0
rappdirs,/Library/Frameworks/R.framework/Versions/3.4/Resources/library,0.3.1,NA,3.4.0
rARPACK,/Library/Frameworks/R.framework/Versions/3.4/Resources/library,0.11-0,NA,3.4.0
RBGL,/Library/Frameworks/R.framework/Versions/3.4/Resources/library,1.52.0,NA,3.4.0
RColorBrewer,/Library/Frameworks/R.framework/Versions/3.4/Resources/library,1.1-2,NA,3.4.0
Rcpp,/Library/Frameworks/R.framework/Versions/3.4/Resources/library,0.12.15,NA,3.4.3
RcppArmadillo,/Library/Frameworks/R.framework/Versions/3.4/Resources/library,0.8.300.1.0,NA,3.4.3
RcppEigen,/Library/Frameworks/R.framework/Versions/3.4/Resources/library,0.3.3.3.1,NA,3.4.3
RcppRoll,/Library/Frameworks/R.framework/Versions/3.4/Resources/library,0.2.2,NA,3.4.0
RCurl,/Library/Frameworks/R.framework/Versions/3.4/Resources/library,1.95-4.8,NA,3.4.0
readr,/Library/Frameworks/R.framework/Versions/3.4/Resources/library,1.1.1,NA,3.4.0
readxl,/Library/Frameworks/R.framework/Versions/3.4/Resources/library,1.0.0,NA,3.4.0
recipes,/Library/Frameworks/R.framework/Versions/3.4/Resources/library,0.1.1,NA,3.4.3
RefManageR,/Library/Frameworks/R.framework/Versions/3.4/Resources/library,0.14.20,NA,3.4.1
registry,/Library/Frameworks/R.framework/Versions/3.4/Resources/library,0.5,NA,3.4.3
rematch,/Library/Frameworks/R.framework/Versions/3.4/Resources/library,1.0.1,NA,3.4.0
rematch2,/Library/Frameworks/R.framework/Versions/3.4/Resources/library,2.0.1,NA,3.4.1
remedy,/Library/Frameworks/R.framework/Versions/3.4/Resources/library,0.0.0.9000,NA,3.4.2
repmis,/Library/Frameworks/R.framework/Versions/3.4/Resources/library,0.5,NA,3.4.0
repr,/Library/Frameworks/R.framework/Versions/3.4/Resources/library,0.12.0,NA,3.4.0
reprex,/Library/Frameworks/R.framework/Versions/3.4/Resources/library,0.1.1,NA,3.4.0
repurrrsive,/Library/Frameworks/R.framework/Versions/3.4/Resources/library,0.1.0,NA,3.4.1
reshape,/Library/Frameworks/R.framework/Versions/3.4/Resources/library,0.8.7,NA,3.4.1
reshape2,/Library/Frameworks/R.framework/Versions/3.4/Resources/library,1.4.3,NA,3.4.3
revealjs,/Library/Frameworks/R.framework/Versions/3.4/Resources/library,0.9,NA,3.4.0
rex,/Library/Frameworks/R.framework/Versions/3.4/Resources/library,1.1.2,NA,3.4.2
RGA,/Library/Frameworks/R.framework/Versions/3.4/Resources/library,0.4.2,NA,3.4.0
rgenoud,/Library/Frameworks/R.framework/Versions/3.4/Resources/library,5.8-1.0,NA,3.4.2
rgexf,/Library/Frameworks/R.framework/Versions/3.4/Resources/library,0.15.3,NA,3.4.0
rgl,/Library/Frameworks/R.framework/Versions/3.4/Resources/library,0.98.22,NA,3.4.3
RgoogleMaps,/Library/Frameworks/R.framework/Versions/3.4/Resources/library,1.4.1,NA,3.4.0
Rgraphviz,/Library/Frameworks/R.framework/Versions/3.4/Resources/library,2.20.0,NA,3.4.0
rhdf5,/Library/Frameworks/R.framework/Versions/3.4/Resources/library,2.20.0,NA,3.4.0
rhesuscdf,/Library/Frameworks/R.framework/Versions/3.4/Resources/library,2.18.0,NA,3.4.2
rJava,/Library/Frameworks/R.framework/Versions/3.4/Resources/library,0.9-9,NA,3.4.2
rjson,/Library/Frameworks/R.framework/Versions/3.4/Resources/library,0.2.15,NA,3.4.0
RJSONIO,/Library/Frameworks/R.framework/Versions/3.4/Resources/library,1.3-0,NA,3.4.0
rlang,/Library/Frameworks/R.framework/Versions/3.4/Resources/library,0.1.6.9003,NA,3.4.2
rlist,/Library/Frameworks/R.framework/Versions/3.4/Resources/library,0.4.6.1,NA,3.4.0
rmarkdown,/Library/Frameworks/R.framework/Versions/3.4/Resources/library,1.8,NA,3.4.2
Rmisc,/Library/Frameworks/R.framework/Versions/3.4/Resources/library,1.5,NA,3.4.0
rms,/Library/Frameworks/R.framework/Versions/3.4/Resources/library,5.1-1,NA,3.4.0
RMTstat,/Library/Frameworks/R.framework/Versions/3.4/Resources/library,0.3,NA,3.4.0
RMySQL,/Library/Frameworks/R.framework/Versions/3.4/Resources/library,0.10.13,NA,3.4.1
RNASeqPower,/Library/Frameworks/R.framework/Versions/3.4/Resources/library,1.16.0,NA,3.4.0
RnaSeqSampleSize,/Library/Frameworks/R.framework/Versions/3.4/Resources/library,1.8.1,NA,3.4.1
RnaSeqSampleSizeData,/Library/Frameworks/R.framework/Versions/3.4/Resources/library,1.8.0,NA,3.4.2
rngtools,/Library/Frameworks/R.framework/Versions/3.4/Resources/library,1.2.4,NA,3.4.0
robCompositions,/Library/Frameworks/R.framework/Versions/3.4/Resources/library,2.0.6,NA,3.4.1
robust,/Library/Frameworks/R.framework/Versions/3.4/Resources/library,0.4-18,NA,3.4.0
robustbase,/Library/Frameworks/R.framework/Versions/3.4/Resources/library,0.92-8,NA,3.4.2
ROCR,/Library/Frameworks/R.framework/Versions/3.4/Resources/library,1.0-7,NA,3.4.0
Rook,/Library/Frameworks/R.framework/Versions/3.4/Resources/library,1.1-1,NA,3.4.0
ROTS,/Library/Frameworks/R.framework/Versions/3.4/Resources/library,1.4.0,NA,3.4.0
roxygen2,/Library/Frameworks/R.framework/Versions/3.4/Resources/library,6.0.1,NA,3.4.0
rpart,/Library/Frameworks/R.framework/Versions/3.4/Resources/library,4.1-11,recommended,3.4.2
RPostgreSQL,/Library/Frameworks/R.framework/Versions/3.4/Resources/library,0.6-2,NA,3.4.1
rprojroot,/Library/Frameworks/R.framework/Versions/3.4/Resources/library,1.2,NA,3.4.0
RPushbullet,/Library/Frameworks/R.framework/Versions/3.4/Resources/library,0.3.1,NA,3.4.0
rrcov,/Library/Frameworks/R.framework/Versions/3.4/Resources/library,1.4-3,NA,3.4.0
Rsamtools,/Library/Frameworks/R.framework/Versions/3.4/Resources/library,1.28.0,NA,3.4.0
rsconnect,/Library/Frameworks/R.framework/Versions/3.4/Resources/library,0.8.5,NA,3.4.1
RSpectra,/Library/Frameworks/R.framework/Versions/3.4/Resources/library,0.12-0,NA,3.4.0
RSQLite,/Library/Frameworks/R.framework/Versions/3.4/Resources/library,2.0,NA,3.4.1
rstudioapi,/Library/Frameworks/R.framework/Versions/3.4/Resources/library,0.7,NA,3.4.1
rsvd,/Library/Frameworks/R.framework/Versions/3.4/Resources/library,0.9,NA,3.4.3
rtkore,/Library/Frameworks/R.framework/Versions/3.4/Resources/library,1.3.1,NA,3.4.0
rtracklayer,/Library/Frameworks/R.framework/Versions/3.4/Resources/library,1.36.6,NA,3.4.2
Rtsne,/Library/Frameworks/R.framework/Versions/3.4/Resources/library,0.13,NA,3.4.0
Rttf2pt1,/Library/Frameworks/R.framework/Versions/3.4/Resources/library,1.3.5,NA,3.4.3
RUVSeq,/Library/Frameworks/R.framework/Versions/3.4/Resources/library,1.10.0,NA,3.4.0
rversions,/Library/Frameworks/R.framework/Versions/3.4/Resources/library,1.0.3,NA,3.4.0
rvest,/Library/Frameworks/R.framework/Versions/3.4/Resources/library,0.3.2,NA,3.4.0
S4Vectors,/Library/Frameworks/R.framework/Versions/3.4/Resources/library,0.14.7,NA,3.4.1
samplesize,/Library/Frameworks/R.framework/Versions/3.4/Resources/library,0.2-4,NA,3.4.0
sandwich,/Library/Frameworks/R.framework/Versions/3.4/Resources/library,2.4-0,NA,3.4.1
sbfc,/Library/Frameworks/R.framework/Versions/3.4/Resources/library,1.0.1,NA,3.4.0
scales,/Library/Frameworks/R.framework/Versions/3.4/Resources/library,0.5.0.9000,NA,3.4.2
scater,/Library/Frameworks/R.framework/Versions/3.4/Resources/library,1.4.0,NA,3.4.0
scatterplot3d,/Library/Frameworks/R.framework/Versions/3.4/Resources/library,0.3-40,NA,3.4.0
scDD,/Library/Frameworks/R.framework/Versions/3.4/Resources/library,1.0.0,NA,3.4.0
scde,/Library/Frameworks/R.framework/Versions/3.4/Resources/library,2.4.1,NA,3.4.0
SCnorm,/Library/Frameworks/R.framework/Versions/3.4/Resources/library,0.99.7,NA,3.4.2
scran,/Library/Frameworks/R.framework/Versions/3.4/Resources/library,1.4.5,NA,3.4.1
selectr,/Library/Frameworks/R.framework/Versions/3.4/Resources/library,0.3-1,NA,3.4.0
seriation,/Library/Frameworks/R.framework/Versions/3.4/Resources/library,1.2-2,NA,3.4.0
servr,/Library/Frameworks/R.framework/Versions/3.4/Resources/library,0.8,NA,3.4.2
setRNG,/Library/Frameworks/R.framework/Versions/3.4/Resources/library,2013.9-1,NA,3.4.0
sfsmisc,/Library/Frameworks/R.framework/Versions/3.4/Resources/library,1.1-1,NA,3.4.0
sgeostat,/Library/Frameworks/R.framework/Versions/3.4/Resources/library,1.0-27,NA,3.4.0
shiny,/Library/Frameworks/R.framework/Versions/3.4/Resources/library,1.0.5,NA,3.4.2
shinyBS,/Library/Frameworks/R.framework/Versions/3.4/Resources/library,0.61,NA,3.4.0
shinydashboard,/Library/Frameworks/R.framework/Versions/3.4/Resources/library,0.6.1,NA,3.4.0
shinyIncubator,/Library/Frameworks/R.framework/Versions/3.4/Resources/library,0.2.2,NA,3.4.2
shinyjs,/Library/Frameworks/R.framework/Versions/3.4/Resources/library,0.9.1,NA,3.4.1
shinysense,/Library/Frameworks/R.framework/Versions/3.4/Resources/library,0.1.1,NA,3.4.2
shinythemes,/Library/Frameworks/R.framework/Versions/3.4/Resources/library,1.1.1,NA,3.4.0
ShortRead,/Library/Frameworks/R.framework/Versions/3.4/Resources/library,1.34.2,NA,3.4.1
siggenes,/Library/Frameworks/R.framework/Versions/3.4/Resources/library,1.50.0,NA,3.4.0
SKAT,/Library/Frameworks/R.framework/Versions/3.4/Resources/library,1.3.2.1,NA,3.4.1
slam,/Library/Frameworks/R.framework/Versions/3.4/Resources/library,0.1-40,NA,3.4.0
slidify,/Library/Frameworks/R.framework/Versions/3.4/Resources/library,0.5,NA,3.4.2
slidifyLibraries,/Library/Frameworks/R.framework/Versions/3.4/Resources/library,0.3.1,NA,3.4.2
smoother,/Library/Frameworks/R.framework/Versions/3.4/Resources/library,1.1,NA,3.4.0
snakecase,/Library/Frameworks/R.framework/Versions/3.4/Resources/library,0.7.1,NA,3.4.3
snow,/Library/Frameworks/R.framework/Versions/3.4/Resources/library,0.4-2,NA,3.4.0
SnowballC,/Library/Frameworks/R.framework/Versions/3.4/Resources/library,0.5.1,NA,3.4.0
sourcetools,/Library/Frameworks/R.framework/Versions/3.4/Resources/library,0.1.6,NA,3.4.0
sp,/Library/Frameworks/R.framework/Versions/3.4/Resources/library,1.2-5,NA,3.4.1
spam,/Library/Frameworks/R.framework/Versions/3.4/Resources/library,2.1-1,NA,3.4.1
sparklyr,/Library/Frameworks/R.framework/Versions/3.4/Resources/library,0.6.4,NA,3.4.2
SparseM,/Library/Frameworks/R.framework/Versions/3.4/Resources/library,1.77,NA,3.4.0
spatial,/Library/Frameworks/R.framework/Versions/3.4/Resources/library,7.3-11,recommended,3.4.2
splines,/Library/Frameworks/R.framework/Versions/3.4/Resources/library,3.4.2,base,3.4.2
sROC,/Library/Frameworks/R.framework/Versions/3.4/Resources/library,0.1-2,NA,3.4.0
ssize,/Library/Frameworks/R.framework/Versions/3.4/Resources/library,1.50.0,NA,3.4.0
ssize.fdr,/Library/Frameworks/R.framework/Versions/3.4/Resources/library,1.2,NA,3.4.0
ssizeRNA,/Library/Frameworks/R.framework/Versions/3.4/Resources/library,1.2.9,NA,3.4.2
stargazer,/Library/Frameworks/R.framework/Versions/3.4/Resources/library,5.2,NA,3.4.0
statmod,/Library/Frameworks/R.framework/Versions/3.4/Resources/library,1.4.30,NA,3.4.0
stats,/Library/Frameworks/R.framework/Versions/3.4/Resources/library,3.4.2,base,3.4.2
stats4,/Library/Frameworks/R.framework/Versions/3.4/Resources/library,3.4.2,base,3.4.2
stepPlr,/Library/Frameworks/R.framework/Versions/3.4/Resources/library,0.92,NA,3.4.0
stringi,/Library/Frameworks/R.framework/Versions/3.4/Resources/library,1.1.6,NA,3.4.2
stringr,/Library/Frameworks/R.framework/Versions/3.4/Resources/library,1.2.0,NA,3.4.0
styler,/Library/Frameworks/R.framework/Versions/3.4/Resources/library,1.0.0,NA,3.4.3
SummarizedExperiment,/Library/Frameworks/R.framework/Versions/3.4/Resources/library,1.6.5,NA,3.4.1
SuperLearner,/Library/Frameworks/R.framework/Versions/3.4/Resources/library,2.0-22,NA,3.4.1
survey,/Library/Frameworks/R.framework/Versions/3.4/Resources/library,3.32-1,NA,3.4.1
survival,/Library/Frameworks/R.framework/Versions/3.4/Resources/library,2.41-3,recommended,3.4.2
survminer,/Library/Frameworks/R.framework/Versions/3.4/Resources/library,0.4.1,NA,3.4.2
survMisc,/Library/Frameworks/R.framework/Versions/3.4/Resources/library,0.5.4,NA,3.4.0
survSNP,/Library/Frameworks/R.framework/Versions/3.4/Resources/library,0.24,NA,3.4.0
sva,/Library/Frameworks/R.framework/Versions/3.4/Resources/library,3.24.4,NA,3.4.0
svd,/Library/Frameworks/R.framework/Versions/3.4/Resources/library,0.4.1,NA,3.4.2
SVGAnnotation,/Library/Frameworks/R.framework/Versions/3.4/Resources/library,0.93-1,NA,3.0.0
svglite,/Library/Frameworks/R.framework/Versions/3.4/Resources/library,1.2.1,NA,3.4.1
tableone,/Library/Frameworks/R.framework/Versions/3.4/Resources/library,0.8.1,NA,3.4.0
taxizedb,/Library/Frameworks/R.framework/Versions/3.4/Resources/library,0.1.6,NA,3.4.2
tcltk,/Library/Frameworks/R.framework/Versions/3.4/Resources/library,3.4.2,base,3.4.2
TeachingDemos,/Library/Frameworks/R.framework/Versions/3.4/Resources/library,2.10,NA,3.4.0
testthat,/Library/Frameworks/R.framework/Versions/3.4/Resources/library,2.0.0,NA,3.4.2
texreg,/Library/Frameworks/R.framework/Versions/3.4/Resources/library,1.36.23,NA,3.4.0
TH.data,/Library/Frameworks/R.framework/Versions/3.4/Resources/library,1.0-8,NA,3.4.0
tibble,/Library/Frameworks/R.framework/Versions/3.4/Resources/library,1.4.2,NA,3.4.3
tidyr,/Library/Frameworks/R.framework/Versions/3.4/Resources/library,0.7.2,NA,3.4.2
tidyselect,/Library/Frameworks/R.framework/Versions/3.4/Resources/library,0.2.3,NA,3.4.2
tidyshiny,/Library/Frameworks/R.framework/Versions/3.4/Resources/library,0.1.0,NA,3.4.2
tidytext,/Library/Frameworks/R.framework/Versions/3.4/Resources/library,0.1.5,NA,3.4.2
tidyverse,/Library/Frameworks/R.framework/Versions/3.4/Resources/library,1.2.1,NA,3.4.2
timeDate,/Library/Frameworks/R.framework/Versions/3.4/Resources/library,3042.101,NA,3.4.2
tokenizers,/Library/Frameworks/R.framework/Versions/3.4/Resources/library,0.1.4,NA,3.4.0
tools,/Library/Frameworks/R.framework/Versions/3.4/Resources/library,3.4.2,base,3.4.2
topGO,/Library/Frameworks/R.framework/Versions/3.4/Resources/library,2.28.0,NA,3.4.0
triebeard,/Library/Frameworks/R.framework/Versions/3.4/Resources/library,0.3.0,NA,3.4.0
trimcluster,/Library/Frameworks/R.framework/Versions/3.4/Resources/library,0.1-2,NA,3.4.0
TSP,/Library/Frameworks/R.framework/Versions/3.4/Resources/library,1.1-5,NA,3.4.0
TTR,/Library/Frameworks/R.framework/Versions/3.4/Resources/library,0.23-2,NA,3.4.1
tweenr,/Library/Frameworks/R.framework/Versions/3.4/Resources/library,0.1.5,NA,3.4.0
twitteR,/Library/Frameworks/R.framework/Versions/3.4/Resources/library,1.1.9,NA,3.4.0
TxDb.Hsapiens.UCSC.hg19.knownGene,/Library/Frameworks/R.framework/Versions/3.4/Resources/library,3.2.2,NA,3.4.2
tximport,/Library/Frameworks/R.framework/Versions/3.4/Resources/library,1.4.0,NA,3.4.0
udunits2,/Library/Frameworks/R.framework/Versions/3.4/Resources/library,0.13,NA,3.4.0
units,/Library/Frameworks/R.framework/Versions/3.4/Resources/library,0.5-1,NA,3.4.3
urltools,/Library/Frameworks/R.framework/Versions/3.4/Resources/library,1.6.0,NA,3.4.0
usethis,/Library/Frameworks/R.framework/Versions/3.4/Resources/library,1.2.0,NA,3.4.3
utf8,/Library/Frameworks/R.framework/Versions/3.4/Resources/library,1.1.3,NA,3.4.3
utils,/Library/Frameworks/R.framework/Versions/3.4/Resources/library,3.4.2,base,3.4.2
uuid,/Library/Frameworks/R.framework/Versions/3.4/Resources/library,0.1-2,NA,3.4.0
VariantAnnotation,/Library/Frameworks/R.framework/Versions/3.4/Resources/library,1.22.3,NA,3.4.0
vcd,/Library/Frameworks/R.framework/Versions/3.4/Resources/library,1.4-4,NA,3.4.2
vdiffr,/Library/Frameworks/R.framework/Versions/3.4/Resources/library,0.2.1,NA,3.4.2
vegan,/Library/Frameworks/R.framework/Versions/3.4/Resources/library,2.4-5,NA,3.4.3
Vennerable,/Library/Frameworks/R.framework/Versions/3.4/Resources/library,3.1.0.9000,NA,3.4.2
VGAM,/Library/Frameworks/R.framework/Versions/3.4/Resources/library,1.0-4,NA,3.4.1
VIM,/Library/Frameworks/R.framework/Versions/3.4/Resources/library,4.7.0,NA,3.4.0
vipor,/Library/Frameworks/R.framework/Versions/3.4/Resources/library,0.4.5,NA,3.4.0
viridis,/Library/Frameworks/R.framework/Versions/3.4/Resources/library,0.4.0,NA,3.4.0
viridisLite,/Library/Frameworks/R.framework/Versions/3.4/Resources/library,0.2.0,NA,3.4.0
visdat,/Library/Frameworks/R.framework/Versions/3.4/Resources/library,0.1.0,NA,3.4.1
visNetwork,/Library/Frameworks/R.framework/Versions/3.4/Resources/library,2.0.1,NA,3.4.1
vsn,/Library/Frameworks/R.framework/Versions/3.4/Resources/library,3.44.0,NA,3.4.0
WDI,/Library/Frameworks/R.framework/Versions/3.4/Resources/library,2.4,NA,3.4.0
webshot,/Library/Frameworks/R.framework/Versions/3.4/Resources/library,0.5.0,NA,3.4.3
whisker,/Library/Frameworks/R.framework/Versions/3.4/Resources/library,0.3-2,NA,3.4.0
withr,/Library/Frameworks/R.framework/Versions/3.4/Resources/library,2.1.1.9000,NA,3.4.2
writexl,/Library/Frameworks/R.framework/Versions/3.4/Resources/library,0.2,NA,3.4.1
xlsx,/Library/Frameworks/R.framework/Versions/3.4/Resources/library,0.5.7,NA,3.4.0
xlsxjars,/Library/Frameworks/R.framework/Versions/3.4/Resources/library,0.6.1,NA,3.4.0
XML,/Library/Frameworks/R.framework/Versions/3.4/Resources/library,3.98-1.9,NA,3.4.1
xml2,/Library/Frameworks/R.framework/Versions/3.4/Resources/library,1.2.0,NA,3.4.3
xtable,/Library/Frameworks/R.framework/Versions/3.4/Resources/library,1.8-2,NA,3.4.0
xts,/Library/Frameworks/R.framework/Versions/3.4/Resources/library,0.10-0,NA,3.4.1
XVector,/Library/Frameworks/R.framework/Versions/3.4/Resources/library,0.16.0,NA,3.4.0
yaml,/Library/Frameworks/R.framework/Versions/3.4/Resources/library,2.1.16,NA,3.4.3
zebrafishRNASeq,/Library/Frameworks/R.framework/Versions/3.4/Resources/library,0.110.0,NA,3.4.2
Zelig,/Library/Frameworks/R.framework/Versions/3.4/Resources/library,5.1.5,NA,3.4.2
zip,/Library/Frameworks/R.framework/Versions/3.4/Resources/library,1.0.0,NA,3.4.0
zlibbioc,/Library/Frameworks/R.framework/Versions/3.4/Resources/library,1.22.0,NA,3.4.0
zoo,/Library/Frameworks/R.framework/Versions/3.4/Resources/library,1.8-0,NA,3.4.0
